user_id,username,card_name
803113397213462588,itsallpixels,LOR
994823657996177458,princedogethethird,Amiel
803113397213462588,itsallpixels,Taxolous
803113397213462588,itsallpixels,Alm
803113397213462588,itsallpixels,Island
730642159731998774,lazyslothster,Island
994823657996177458,princedogethethird,Concept
1187644569484013641,pillowcenat67,RPG
911521189812391966,mostlymono,LB
898591162233925682,bwaynem,CA
1024266899745406986,alternativeforanalternative,Wayne
898591162233925682,bwaynem,Jurger
803113397213462588,itsallpixels,Amiel
803113397213462588,itsallpixels,TB
1237244832687325305,tee.vet,Kalani
1230130106719272980,theunknown098965334,Siber
898591162233925682,bwaynem,Amiel
898591162233925682,bwaynem,Doge
803113397213462588,itsallpixels,RPG
730642159731998774,lazyslothster,Roblocky
748888893650239578,netharian_order_nethy,DD
1207314080377868322,wassoiguy,SecuritySeb
1207314080377868322,wassoiguy,LOR
898591162233925682,bwaynem,Parachute
748888893650239578,netharian_order_nethy,Nethy
898591162233925682,bwaynem,Pao
803113397213462588,itsallpixels,Yoshuze
803113397213462588,itsallpixels,SturgeonGod
898591162233925682,bwaynem,Yoshuze
898591162233925682,bwaynem,TB
1207314080377868322,wassoiguy,Submarine
1207314080377868322,wassoiguy,Alm
898591162233925682,bwaynem,Robrob
898591162233925682,bwaynem,Yoshuze
803113397213462588,itsallpixels,SturgeonGod
898591162233925682,bwaynem,TB
898591162233925682,bwaynem,Yoshuze
1024266899745406986,alternativeforanalternative,RB
898591162233925682,bwaynem,Submarine
898591162233925682,bwaynem,CL
897476441749471262,mokeyu,Submarine
803113397213462588,itsallpixels,BB
897476441749471262,mokeyu,RB
897476441749471262,mokeyu,RPG
897476441749471262,mokeyu,Parachute
803113397213462588,itsallpixels,Malaysiasoldier2
803113397213462588,itsallpixels,RPG
897476441749471262,mokeyu,Alm
803113397213462588,itsallpixels,LB
748888893650239578,netharian_order_nethy,Malaysiasoldier2
